<?xml version="1.0" encoding="UTF-8" ?>
<beans xmlns="http://www.springframework.org/schema/beans"
	xmlns:xsi="http://www.w3.org/2001/XMLSchema-instance" 
	xmlns:context="http://www.springframework.org/schema/context"
	xmlns:mvc="http://www.springframework.org/schema/mvc" 
	xmlns:tx="http://www.springframework.org/schema/tx"
	xsi:schemaLocation="http://www.springframework.org/schema/beans 
	http://www.springframework.org/schema/beans/spring-beans.xsd
	 http://www.springframework.org/schema/context 
	 http://www.springframework.org/schema/context/spring-context.xsd 
	 http://www.springframework.org/schema/mvc 
	 http://www.springframework.org/schema/mvc/spring-mvc.xsd 
	 http://www.springframework.org/schema/tx 
	 http://www.springframework.org/schema/tx/spring-tx.xsd">
	 
	<context:component-scan base-package="com" />
	<mvc:annotation-driven>
		<mvc:argument-resolvers>
			<bean class="org.springframework.security.web.bind.support.AuthenticationPrincipalArgumentResolver" />
		</mvc:argument-resolvers>
	</mvc:annotation-driven>
	<bean id="viewResolver"
		class="org.springframework.web.servlet.view.InternalResourceViewResolver">
		<property name="prefix" value="/WEB-INF/Views/" />
		<property name="suffix" value=".jsp" />
	</bean>
	<mvc:resources location="/resources/assets" mapping="/resources/**" />
	<tx:annotation-driven />
</beans>
 
